rule_id,status,tier,campaign_type,area,rule,formula,threshold,code_ref,value,template,metrics,data_needed,evidence,source_ids,confidence,calibration,conflicts_with,notes
stw-waste,live,free,Search; Performance Max,search-terms,A search term that spent at least the threshold and never converted is waste: add it as a negative keyword.,conversions = 0 AND cost >= min_cost AND not brand,"$20 (--min-cost), or about the same in the export's currency",openppc.templates._common:MIN_COST_USD,20,search-term-waste,cost;conversions,"Search terms report: search term, cost, clicks, conversions",expert,src-openppc;src-google-2472708,,"Paid: the fixed dollar threshold becomes the spend level at which zero-conversion terms stopped converting later, backtested per vertical on the gold set.",,A fixed dollar amount ignores CPA: $20 is about 1x CPA at a $20 CPA but 0.1x at $200. Since 2026-09-29 the dollar threshold only decides what is worth listing; the waste model's 90% bar (stw-waste-model) decides what to add as a negative.
stw-brand-never-waste,live,free,Search; Performance Max,search-terms,"Search terms that match the brand, or a close typo of it, are never waste and never suggested as negatives.",term contains a brand name (3+ letters) OR a word with similarity >= 0.8 to the brand's first word (5+ letters),similarity 0.8; first word 5+ letters; names 3+ letters,openppc.templates._common:BRAND_TYPO_RATIO;openppc.templates._common:BRAND_TYPO_MIN_LETTERS;openppc.templates._common:BRAND_MIN_LETTERS,0.8;5;3,search-term-waste; keyword-audit,,Search terms report + --brand names,expert,src-openppc,,,,"On the first real export, brand terms would otherwise have topped the waste list; adding them as negatives hands those searches to competitors."
stw-automated-apart,live,free,Performance Max,search-terms,"Waste in Performance Max and other automated campaigns is listed apart from Search: there, negatives only block Search and Shopping ads, and they go in the campaign (up to 10,000) or an account-level list.",campaign type is not Search,"10,000 negatives per campaign (Google)",openppc.templates.search_term_waste:_automated;openppc.templates.search_term_waste:PMAX_NEGATIVES,;10000,search-term-waste,cost,Search terms report with the Campaign type column,google,src-google-15726455;src-google-11396330;src-google-6372658,,,,Corrected 2026-09-29 from Google's own pages: the report used to say Performance Max only takes account-level negatives.
stw-clicks-needed,live,free,Search,search-terms,"A single zero-conversion search term only counts as proven waste once the waste model is 90% sure it converts at less than half the account's rate; below that, judge recurring words, not single terms.","fewest clicks with no conversion at which P(bad) >= 0.9 (see stw-waste-model); past 2,000 clicks the account's terms are called alike",90% sure; bad = under half the account rate,openppc.engine.waste_model:CONFIDENT;openppc.engine.waste_model:BAD_RATIO;openppc.templates.search_term_waste:ALIKE_CLICKS,0.9;0.5;2000,search-term-waste,p_bad;cvr;cpc,"Search terms report: search term, cost, clicks, conversions",openppc,src-openppc,,"Paid: the prior's spread borrowed from similar live accounts, so small accounts get a sensible bar.",,Replaced the 1-in-5 bad-luck rule on 2026-09-29 after a backtest on live accounts.
stw-waste-model,live,free,Search; Performance Max,search-terms,Every zero-conversion waste term gets the chance that it truly converts at less than half the account's rate. Add it as a negative only at 90% or more; below that it may just be unlucky.,"P(bad) = regularized incomplete beta I at 0.5 x account rate of (alpha + conversions, beta + clicks - conversions); alpha and beta fit by beta-binomial maximum likelihood on the account's non-brand terms, mean fixed at the account rate","90%; prior strength kept between 1 and 10,000",openppc.engine.waste_model:fit_prior;openppc.engine.waste_model:MIN_CONCENTRATION;openppc.engine.waste_model:MAX_CONCENTRATION;openppc.engine.waste_model:p_bad,;1;10000;,search-term-waste,p_bad;conversions;clicks,"Search terms report: clicks, conversions",openppc,src-openppc,,Paid: shrink the spread toward similar live accounts (a vertical-level prior) and report each rule's backtested result.,,"Backtested on live accounts, 2025-2026, excluding terms people had already negated: terms at 90%+ later converted at a small fraction of their account's rate, while flags from a fixed dollar threshold converted at close to the normal rate. Thin sample so far: few accounts have terms that reach 90%."
stw-themes,live,free,Search; Performance Max,search-terms,"Words and two-word phrases that recur across search terms and never converted are negative keyword candidates, even when each term alone is too small to judge.","n-gram (word of 3+ letters, or two-word phrase, stopwords removed) in >= 3 search terms, total cost >= $5, total conversions = 0; a phrase carrying >= 80% of a word's cost replaces the word",3 terms; $5; 0.8; top 10,openppc.templates.search_term_waste:THEME_MIN_TERMS;openppc.templates.search_term_waste:THEME_MIN_COST;openppc.templates.search_term_waste:THEME_COVER;openppc.templates.search_term_waste:THEMES_SHOWN,3;5;0.8;10,search-term-waste,cost;clicks;conversions,"Search terms report: search term, cost, clicks, conversions",expert,src-openppc;src-adalysis-ngrams,,"Paid: a per-vertical list of words that never convert across the gold set, offered as a starter negative list.",,Adalysis also flags n-grams with 150+ clicks and no conversions.
stw-expensive-converter,live,free,Search; Performance Max,search-terms,"A search term that converts, but at more than 3x the account's cost per conversion, is flagged as expensive.",conversions > 0 AND cost >= min_cost AND cost / conversions > 3 x account CPA,3x account CPA,openppc.templates.search_term_waste:EXPENSIVE,3,search-term-waste,cpa;cpa_multiple,"Search terms report: search term, cost, clicks, conversions",openppc,src-openppc,,Paid: the multiple comes from the spread of converting terms' CPA in the vertical.,,
stw-harvest,live,free,Search,search-terms,A search term with 2 or more conversions at or below the account's cost per conversion that is not a keyword yet should be added as one.,conversions >= 2 AND CPA <= account CPA AND Added/Excluded = None,2 conversions,openppc.templates.search_term_waste:HARVEST_MIN,2,search-term-waste,conversions;cpa,"Search terms report: search term, cost, clicks, conversions, added/excluded",expert,src-openppc;src-google-2472708,,,,
benchmark-industry,live,free,Search,benchmarks,"Compare CPC, CTR, conversion rate and cost per conversion with the industry's published average: a ballpark, never a target.","yours vs average; lower CPC and CPA are better, higher CTR and conversion rate are better","WordStream / LocaliQ 2026 US search averages, 24 industries",openppc.engine.benchmarks:TABLE,,search-term-waste; keyword-audit; account-read,cpc;ctr;cvr;cpa,"Any export with cost, clicks, impressions, conversions",benchmark,src-wordstream-2026,,"Paid: replaced by p25 / p50 / p75 from live accounts in the same vertical and currency, only where a cell has enough accounts; otherwise the public average.",,"Industry cost per lead is used as cost per conversion. US-only, a year averaged, both Google and Microsoft Ads."
kw-zero-conv,live,free,Search,keywords,"A keyword that spent at least the threshold and never converted is listed for review: pause it, lower its bid, or fix its ad and landing page.",conversions = 0 AND cost >= min_cost AND not brand,"$20 (--min-cost), or about the same in the export's currency",openppc.templates._common:MIN_COST_USD,20,keyword-audit,cost;conversions,"Keywords report: keyword, match type, cost, clicks, conversions",expert,src-openppc,,"Paid: same calibration as stw-waste, at keyword level.",,
kw-brand-spared,live,free,Search,keywords,Brand keywords with zero conversions are never listed for pausing: pausing brand keywords hands those searches to competitors.,brand match (same test as stw-brand-never-waste),,openppc.templates._common:brand_matcher,,keyword-audit,,Keywords report + --brand names,expert,src-openppc,,,,
kw-match-type-mix,live,free,Search,keywords,"Show cost, share of cost, conversions and CPA by match type, so budget drifting to broad match is visible.","group by match type: cost, cost / total cost, conversions, cost / conversions",,openppc.templates.keyword_audit:run,,keyword-audit,cost;cost_share;conversions;cpa,Keywords report with match type,expert,src-openppc,,Paid: match-type mix and CPA gap against similar accounts.,,
kw-low-quality-score,live,free,Search,keywords,Keywords with a Quality Score of 4 or lower usually pay more for the same position; report their cost and share of spend.,quality score <= 4,Quality Score 4,openppc.templates.keyword_audit:run.low_qs,4,keyword-audit,quality_score;cost;cost_share,Keywords report with Quality Score,expert,src-openppc;src-google-6167118,,,,"Google calls Quality Score a diagnostic, not a KPI and not an auction input."
ar-flat,live,free,All,trends,A change smaller than 3% is called flat.,|pct_change| < 0.03,3%,openppc.engine.findings:FLAT,0.03,account-read,pct_change;direction,"Two-period totals: spend, impressions, clicks, conversions",openppc,src-openppc,,,,
ar-small-sample,live,free,All,trends,"With fewer than 10 conversions in both periods, CPA movement is noise: do not read it as a trend or act on it.","max(conversions now, conversions before) < 10",10 conversions,openppc.engine.findings:SMALL_SAMPLE,10,account-read,conversions;cpa,"Two-period totals: spend, impressions, clicks, conversions",openppc,src-openppc,,,,
ar-conversion-noise,live,free,All,trends,"Under 50 conversions a period, a conversion move smaller than 10% is one or two events and is called flat.",max(conversions) < 50 AND |conversion change| < 0.10,50 conversions; 10%,openppc.engine.findings:NOISE_VOLUME;openppc.engine.findings:NOISE_MOVE,50;0.10,account-read,conversions;pct_change,"Two-period totals: spend, impressions, clicks, conversions",openppc,src-openppc,,,,
ar-tracking-first,live,free,All,measurement,"When conversions are zero in either period, the read is a tracking check, not a performance verdict.",conversions now = 0 OR conversions before = 0,,openppc.engine.findings:classify,,account-read,conversions,"Two-period totals: spend, impressions, clicks, conversions",openppc,src-openppc,,,,
ar-efficiency-win,live,free,All,trends,"Spend cut, conversions held within 20% of prior, CPA improved: an efficiency win. Falling conversions here are a good outcome.",spend down AND -0.20 <= conversion change <= 0.03 AND CPA down,20%,openppc.engine.findings:HELD,0.20,account-read,cost;conversions;cpa;pct_change,"Two-period totals: spend, impressions, clicks, conversions",openppc,src-openppc,,,,
ar-efficient-contraction,live,free,All,trends,"Spend cut and conversions fell more than 20%, but less than spend, so CPA improved: the cut removed waste first.",spend down AND conversion change < -0.20 AND CPA down,20%,openppc.engine.findings:HELD,0.20,account-read,cost;conversions;cpa,"Two-period totals: spend, impressions, clicks, conversions",openppc,src-openppc,,,,
ar-budget-reduction,live,free,All,trends,"Spend, clicks and conversions fell together with CPA within 10%: volume fell because spend fell, not because performance broke.",spend down AND conversions down AND |CPA change| <= 0.10,10%,openppc.engine.findings:CPA_BAND,0.10,account-read,cost;conversions;cpa,"Two-period totals: spend, impressions, clicks, conversions",openppc,src-openppc,,,,
ar-contraction-worse,live,free,All,trends,"Spend down but conversions fell faster, so CPA rose: the cut removed converting volume, not just waste.",spend down AND conversions down AND CPA up,,openppc.engine.findings:classify,,account-read,cost;conversions;cpa,"Two-period totals: spend, impressions, clicks, conversions",openppc,src-openppc,,,,
ar-over-expansion,live,free,All,trends,"Spend up while conversions fell and CPA rose: more money bought worse traffic, or the funnel broke after the click. The worst pattern.",spend up AND conversions down AND CPA up,,openppc.engine.findings:classify,,account-read,cost;conversions;cpa,"Two-period totals: spend, impressions, clicks, conversions",openppc,src-openppc,,,,
ar-post-click-drop,live,free,All,trends,"Spend flat, conversions down, CPA up: traffic is similar, so look at the landing page, form, offer or tracking, not targeting.",spend flat AND conversions down AND CPA up,,openppc.engine.findings:classify,,account-read,cost;conversions;cpa,"Two-period totals: spend, impressions, clicks, conversions",openppc,src-openppc,,,,
ar-efficiency-gain,live,free,All,trends,Conversions up and CPA down: more output at lower cost.,conversions up AND CPA down,,openppc.engine.findings:classify,,account-read,conversions;cpa,"Two-period totals: spend, impressions, clicks, conversions",openppc,src-openppc,,,,
ar-growth-worsening,live,free,All,trends,"Conversions, spend and CPA all up: growth is real but the marginal conversion costs far more than the average.",conversions up AND spend up AND CPA up,,openppc.engine.findings:classify,,account-read,cost;conversions;cpa,"Two-period totals: spend, impressions, clicks, conversions",openppc,src-openppc,,,,
ar-clean-scale,live,free,All,trends,Conversions up with CPA flat: spend and output grew together at stable efficiency.,conversions up AND CPA flat,,openppc.engine.findings:classify,,account-read,conversions;cpa,"Two-period totals: spend, impressions, clicks, conversions",openppc,src-openppc,,,,
ar-paying-more,live,free,All,trends,"Conversions flat, CPA up: extra spend or reach returned nothing.",conversions flat AND CPA up,,openppc.engine.findings:classify,,account-read,conversions;cpa,"Two-period totals: spend, impressions, clicks, conversions",openppc,src-openppc,,,,
ar-same-output-cheaper,live,free,All,trends,"Conversions flat, CPA down: efficiency improved without volume changing.",conversions flat AND CPA down,,openppc.engine.findings:classify,,account-read,conversions;cpa,"Two-period totals: spend, impressions, clicks, conversions",openppc,src-openppc,,,,
ar-reach-dilution,live,free,All,trends,Impressions up 50% or more while CTR fell to 70% of prior or less: broad matching or audience expansion is buying low-intent reach.,impression change >= 0.50 AND CTR now / CTR before <= 0.70,+50% reach; CTR at 70% of prior,openppc.engine.findings:DILUTION_REACH;openppc.engine.findings:DILUTION_CTR,0.50;0.70,account-read,impressions;ctr,"Two-period totals: spend, impressions, clicks, conversions",openppc,src-openppc,,,,
ar-tightening,live,free,All,trends,Impressions down 30% or more while CTR rose to 130% of prior or more: targeting narrowed and relevance improved.,impression change <= -0.30 AND CTR now / CTR before >= 1.30,-30% reach; CTR at 130% of prior,openppc.engine.findings:TIGHTEN_REACH;openppc.engine.findings:TIGHTEN_CTR,0.30;1.30,account-read,impressions;ctr,"Two-period totals: spend, impressions, clicks, conversions",openppc,src-openppc,,,,
ar-cvr-drop,live,free,All,measurement,"Conversion rate fell to 70% of prior or less on 200+ clicks: suspect the landing page, offer, tracking or click quality.",CVR now / CVR before <= 0.70 AND clicks now >= 200,70% of prior; 200 clicks,openppc.engine.findings:CVR_DROP;openppc.engine.findings:CVR_DROP_CLICKS,0.70;200,account-read,cvr;clicks,"Two-period totals: spend, impressions, clicks, conversions",openppc,src-openppc,,,,
ar-micro-conversions,live,free,All,measurement,"When 25% or more of clicks convert, the conversions are engagement actions, not leads or sales: do not read CPA as cost per lead.",conversions / clicks >= 0.25,25%,openppc.engine.findings:MICRO_CVR,0.25,account-read,cvr,"Two-period totals: spend, impressions, clicks, conversions",openppc,src-openppc;src-google-11461796,,Paid: the ceiling comes from the conversion-rate spread of accounts with verified lead or sale tracking in the vertical.,,
ar-thin-data,live,free,All,bidding,Under 30 conversions a period is too few to judge automated bidding on.,0 < max(conversions) < 30,30 conversions,openppc.engine.findings:THIN_DATA,30,account-read,conversions,"Two-period totals: spend, impressions, clicks, conversions",google,src-google-7065882;src-google-6268632,,,,Google judges Smart Bidding over 30+ days with 30+ conversions (50 for Target ROAS); Target CPA can start with no history.
ar-seasonal,live,free,All,trends,"For seasonal businesses, period over period is the wrong lens: compare with the same period last year before crediting the account.",business model mentions a seasonal word,"seasonal, rafting, ski, charter",openppc.engine.findings:SEASONAL_WORDS,seasonal|rafting|ski|charter,account-read,,Business model (meta),openppc,src-openppc,,,,
ar-currency,live,free,All,benchmarks,Non-USD accounts are never compared with USD figures.,currency != USD,,openppc.engine.findings:build_findings,,account-read,,Currency (meta),openppc,src-openppc,,,,
chk-precision,live,free,All,checker,"A written number counts as traced when it matches a figure from the data at the precision it was written: $1.4k matches 1,361.04, $1,500 does not.","round(fact, precision of the written number) = written number",,openppc.engine.trace:trace,,check,,Any audit text + the exports it describes,openppc,src-openppc,,,,
chk-metric-words,live,free,All,checker,A number is tied to the nearest metric word within 45 characters; a clause break or a conjunction between them pushes the word further away. A right number on the wrong metric or row is a mismatch.,rank = distance + 25 if a clause break + 10 if and / but / while / versus,45 characters,openppc.engine.trace:_evidence.limit,45,check,,Any audit text + the exports it describes,openppc,src-openppc,,,,
chk-money-metrics,live,free,All,checker,"A money figure can only be a cost, a CPC or a CPA, never a count.","money numbers only consider cost, cpc, cpa",,openppc.engine.trace:MONEY_METRICS,cost|cpc|cpa,check,,,openppc,src-openppc,,,,
chk-contradiction,live,free,All,checker,A sentence whose direction word contradicts its own numbers is flagged: 'fell from 9% to 14%'.,direction word disagrees with from X to Y,,openppc.engine.trace:trace,,check,,,openppc,src-openppc,,,,
stw-waste-share-grade,planned,free,Search,search-terms,Grade the account on the share of spend that went to search terms costing more than $10 with no conversions in 30 days.,cost of terms with cost > $10 and 0 conversions / total cost,"pass < 5%, warn 5-15%, fail > 15%",,,search-term-waste,waste_share,"Search terms report, last 30 days",expert,src-optmyzr-audit-skill,,Paid: pass and fail bands from the waste-share spread of similar live accounts.,,The $10 floor does not scale with CPA or currency.
stw-lin-rodnitzky,planned,free,Search,search-terms,Compare the CPA of all search terms with the CPA of converting terms only: the ratio shows whether query control is too loose or too tight.,LR = CPA of all search terms / CPA of search terms with 1+ conversion,"1.0-1.5 too conservative, 1.5-2.0 healthy, 2.0-2.5 too aggressive, > 2.5 mismanaged",,,search-term-waste,lin_rodnitzky;cpa,"Search terms report: cost, conversions",expert,src-bgtheory-lr;src-optmyzr-audit-skill,,Paid: the healthy band per vertical from live accounts.,,"By Will Lin and David Rodnitzky (3Q Digital). Optmyzr's skill uses pass 1.5-2.0, warn 2.0-3.0, fail > 3.0 or < 1.5. Computable from the export we already read."
stw-review-cadence,reference,free,Search,search-terms,"Scan search terms for irrelevant queries routinely; review Quality Score and ad tests weekly, audiences and landing pages monthly.",workflow cadence,search terms daily; QS and ad tests weekly; audiences and landing pages monthly,,,,,Change history (date of the last negative added),expert,src-optmyzr-ppc-analysis,,,,"A practice, not a formula. Cadence should scale with query volume."
kw-zero-conv-vs-target-cpa,planned,free,Search,keywords,"Flag keywords that spent a multiple of target CPA without converting; pause only after checking their search terms, match type, landing page and assisted conversions.",cost >= 2-3 x target CPA AND conversions = 0,2-3x target CPA; 4-5x for high-ticket or long sales cycles,,,keyword-audit,cost;cpa_multiple,"Keywords report: cost, conversions; target CPA",expert,src-optmyzr-kw-not-converting,,Paid: the multiple backtested on live accounts per vertical.,kw-zero-conv,"Scales with CPA, unlike our fixed $20. The author says there is no universal testing period."
kw-no-conv-click-screen,planned,free,Search,keywords,"In low-data accounts, list every keyword with more than 20 clicks and no conversions as a screen, not a pause rule.",clicks > 20 AND conversions = 0,20 clicks,,,keyword-audit,clicks;conversions,Keywords report,expert,src-optmyzr-pause-kw-help,,,,"Optmyzr's default mode estimates clicks per conversion from account history instead, as our stw-clicks-needed does."
kw-cpa-vs-adgroup,planned,free,Search,keywords,Flag keywords whose CPA is far above their ad group's average over 60 days as pause candidates.,keyword CPA / ad group CPA over 60 days,not published (worked example flagged at +260%),,,keyword-audit,cpa;cpa_multiple,Keywords report (60 days) with ad group,expert,src-opteo-pause-kw,,Paid: the multiple from live accounts.,,"Opteo publishes only an example, so keep the ratio configurable."
kw-duplicates,live,free,Search,keywords,Flag the same keyword text and match type enabled in two or more ad groups when it carries real spend.,same text + match type in >= 2 ad groups AND combined cost > 1% of account cost,1% of account spend,openppc.templates.account_structure:_duplicates,,account-structure,cost;cost_share,"Keywords report: keyword, match type, ad group, campaign, cost",expert,src-optmyzr-audit-skill,,,,Do not fix it with Google's auto-applied 'remove redundant keywords'. Runs without the 1% spend condition: a snapshot has no spend.
kw-zero-impressions,planned,free,Search,keywords,"Measure the share of enabled keywords with no impressions in 30 days, and catch disapproved keywords still enabled.",zero-impression enabled keywords / enabled keywords,pass < 5% and 0 disapproved; fail > 15% or any disapproved enabled,,,keyword-audit,impressions,"Keywords report (30 days): status, impressions, approval",expert,src-optmyzr-audit-skill,,,,"Optmyzr found no strong link between low-volume keyword counts and performance across 9,000+ accounts. Google auto-pauses keywords with no impressions for 13+ months."
kw-quality-score-grade,planned,free,Search,keywords,Grade spend-weighted Quality Score and the share of spend on keywords scoring 4 or lower.,sum(QS x cost) / sum(cost); cost on QS <= 4 / total cost,"avg QS pass >= 7, warn 5-6, fail < 5; low-QS spend pass < 10%, warn 10-25%, fail > 25%",,,keyword-audit,spend_weighted_qs;quality_score;cost_share,Keywords report with Quality Score,expert,src-optmyzr-audit-skill,,,search-quality-score-diagnostic,Extends our live kw-low-quality-score with bands. Ignore QS on low-data and competitor-brand keywords.
kw-exact-match-is,planned,free,Search,bidding,Important keywords should hold high exact match impression share; low values point to Quality Score or bids.,exact match impression share,>= 80% on important keywords; fix QS first when QS < 6,,,keyword-audit,exact_match_is;quality_score,"Keywords report: search exact match IS, lost IS (rank)",expert,src-bgtheory-is,,,,A manual-bidding-era benchmark; low confidence today.
neg-shared-list,planned,free,Search,keywords,Apply at least one shared negative keyword list across all Search campaigns and keep adding to it.,Search campaigns linked to >= 1 shared negative list,pass all campaigns; warn < 50%; fail none,,,account-structure,,Shared negative lists and campaign links (API or Editor),expert,src-optmyzr-audit-skill,,,,Over-aggressive account-level negatives also cost volume.
neg-conflicts,live,free,Search,keywords,A negative keyword must never block an enabled keyword in its own scope.,"any negative that matches an enabled keyword in the same ad group, campaign or shared list scope",any = fail,openppc.templates.account_structure:blocks,,account-structure,,Keywords report + negative keywords export,expert,src-adalysis-audit-guide,,,,"Negatives do not cover plurals or misspellings automatically, so each variant has to be added. Shared negative lists are not checked yet: the snapshot does not link lists to campaigns."
struct-keywords-per-adgroup,reference,free,Search,structure,There is no right number of keywords per ad group: a keyword belongs only if the ad copy describes it.,keyword theme present in the ad group's RSA text,no maximum,,,account-structure,,Keywords report + Ads report text,expert,src-bgtheory-kw-per-adgroup,,,,
struct-brand-nonbrand,live,free,Search,structure,Keep brand and non-brand keywords in separate campaigns.,a campaign holds both brand and non-brand keywords (brand test as stw-brand-never-waste),any = fail,openppc.templates.account_structure:_brand_mix,,account-structure,,"Keywords report: keyword, campaign + --brand",expert,src-optmyzr-audit-skill,,,,"We already have the brand matcher, so this is cheap to add."
struct-settings-consistency,live,free,Search,structure,"Keep Search and Display apart, and flag unexpected setting differences between similar campaigns.","Search campaigns with Display Network on; differing locations, networks, schedules, devices or bid strategies in a campaign group",any = flag,openppc.templates.account_structure:_display,,account-structure,,Campaign settings export,expert,src-adalysis-audit-guide,,,,"The tool has to define a campaign group, for example by naming convention. Live for Search campaigns on the Display Network only."
budget-lost-is-profitable,planned,free,Search,budget,Campaigns meeting their CPA or ROAS target should not lose much impression share to budget.,Search lost IS (budget) on campaigns at or better than target,"pass < 10%, warn 10-25%, fail > 25%",,,campaign-audit,search_lost_is_budget;cpa,"Campaigns report: search lost IS (budget), cost, conversions, value; targets",expert,src-optmyzr-audit-skill,,"Paid: which campaigns count as profitable, from the vertical's CPA spread.",,
bid-pmax-conversion-volume,planned,free,Performance Max,bidding,Performance Max needs more monthly conversions than Google's floors before its optimization works well.,conversions per PMax campaign per month,>= 60 a month,,,pmax-audit,conversions,Campaigns report (30 days),expert,src-optmyzr-pmax-study,,,bidding-troas-min-conversions,Well above Google's 15 to 30 conversion floors.
bid-target-change-cadence,planned,free,All,bidding,"Change target CPA or ROAS once or twice a month on 30-day data, and never within 14 days of the last change.",days since last target change,>= 14 days; entities near 140% of target flagged,,,campaign-audit,cpa,Change history + Campaigns report (30 days),expert,src-optmyzr-tcpa-method,,,,Smart Bidding needs about 7-14 undisturbed days after a change.
ads-per-adgroup,planned,free,Search,ads-assets,Ad groups should run several active ads so copy can be tested.,ad groups with >= 3 active ads / ad groups,"pass >= 95%, warn 80-95%, fail < 80%",,,ads-audit,,"Ads report: ad group, status, type",expert,src-optmyzr-audit-skill,,,,Adalysis finds 5+ ads confuse serving and suggests 2-4 for tests.
ads-rsa-asset-count,live,free,Search,ads-assets,Responsive search ads should carry enough headlines and descriptions.,median headlines and descriptions per RSA; share of RSAs under 8 headlines,"pass: median >= 10 headlines and >= 3 descriptions, < 20% under 8; fail: median < 7 or < 3, or >= 50% under 8",openppc.templates.account_structure:RSA_FEW_HEADLINES,8,account-structure,,Ads report or RSA asset export,expert,src-optmyzr-audit-skill,,,,"Adalysis warns 15 headlines and 2 descriptions make 50,000+ combinations, which need a lot of data. The report counts ads under 8 headlines; the median bands are not scored."
ads-duplicate-copy,planned,free,Search,ads-assets,Avoid reusing one headline or description across many active ads.,largest share of active ads using one text string,"pass <= 15%, warn 15-40%, fail >= 40%",,,ads-audit,,Ads report: text,expert,src-optmyzr-audit-skill,,,,
ads-strength-vs-results,planned,free,Search,ads-assets,"Judge RSAs on CPA, conversion rate and conversions per impression, not on Ad Strength.",compare CPA and CVR by Ad Strength rating,"Optmyzr study: Average had the best CPA ($12.43), Excellent the worst ($28.68)",,,ads-audit,cpa;cvr;conversions_per_impression,"Ads report: ad strength, impressions, cost, conversions",expert,src-optmyzr-rsa-study,,Paid: the same comparison on live accounts per vertical.,search-rsa-per-ad-group,Study of about 20k accounts.
ads-pinning,live,free,Search,ads-assets,Avoid fully pinned RSAs; partial pinning did best in Optmyzr's data.,flag RSAs with every position pinned,"study CPA: partial pinning $13.68, full pinning $32.57",openppc.templates.account_structure:_pinning,,account-structure,cpa,Ads report or RSA assets: pinned positions,expert,src-optmyzr-rsa-study,,,search-rsa-pinning,
ads-test-confidence,planned,free,Search,ads-assets,"Declare an ad test winner only at enough statistical confidence, more for important keywords.",significance of the difference in the test metric,>= 90% floor; 95-99% for top keywords and own brand,,,ads-audit,conversions_per_impression;ctr,"Ads report: impressions, clicks, conversions, value per ad",expert,src-adalysis-significance,,,,
ads-test-minimum-data,planned,free,Search,ads-assets,Do not judge an ad test before each ad has minimum data and at least a week of history.,"per ad, for low / mid / high traffic","impressions 350 / 750 / 1,000; clicks 300 / 500 / 1,000; conversions 7 / 13 / 20; >= 7 days",,,ads-audit,impressions;clicks;conversions,Ads report with date range,expert,src-adalysis-test-data,,,,Numbers as published (2015); apply the one that matches the test metric (our reading).
ads-test-metric,planned,free,Search,ads-assets,"Pick the ad test metric by goal: conversions per impression for leads, revenue per impression for sales, CTR only for traffic.",CPI = conversions / impressions = CTR x CVR,,,,ads-audit,conversions_per_impression;ctr,Ads report,expert,src-adalysis-significance,,,,CPI rewards both CTR and conversion rate.
assets-coverage,live,free,Search,ads-assets,"Each active Search campaign should have enough sitelinks, callouts and structured snippets.",count by asset type per campaign,">= 4 sitelinks, >= 4 callouts, >= 1 structured snippet",openppc.templates.account_structure:MIN_SITELINKS;openppc.templates.account_structure:MIN_CALLOUTS;openppc.templates.account_structure:MIN_SNIPPETS,4;4;1,account-structure,,"Assets report: type, level, status",expert,src-optmyzr-audit-skill,,,,"Assets can sit at account, campaign or ad group level."
lp-health,planned,free,All,landing-page,Top-spend final URLs must resolve and load fast on mobile.,HTTP status and mobile load time per top-spend final URL,"pass < 2.5 s, warn 2.5-4 s, fail > 4 s; any 404 or 5xx fails",,,ads-audit,,Ads report final URLs + a crawler,expert,src-optmyzr-audit-skill,,,,"Needs a crawler or PageSpeed call: not in exports, and it breaks the offline promise."
meas-primary-actions,planned,free,All,measurement,Keep a short list of primary conversion actions that match business goals; micro-conversions go to secondary.,count of primary conversion actions,pass 1-3; fail > 5 or all set up the same,,,conversion-audit,,Conversion actions export,expert,src-optmyzr-audit-skill;src-adalysis-audit-guide,,,,
meas-settings-consistency,planned,free,All,measurement,"Primary conversion actions should share counting, windows and attribution, and call conversions need a minimum call length.",mixed windows or attribution across primary actions; call actions counting any call,suggested 30 or 60 seconds minimum call,,,conversion-audit,,"Conversion actions export: windows, attribution, call length",expert,src-adalysis-conv-mistakes,,,,
set-location-presence,live,free,All,settings,"Target people in or regularly in your locations, not people merely interested in them.",geo target type per campaign,pass Presence; fail if most campaigns use Presence or interest,openppc.templates.account_structure:_location,,account-structure,,Campaign settings: geo target type,expert,src-optmyzr-audit-skill,,,set-location-presence-or-interest,
set-device-adjustments,planned,free,Search,settings,Keep device bid adjustments modest and backed by device conversion data.,bid adjustment per device vs device CPA,pass within +/-20% with data; fail -100% or extremes without data,,,account-settings,cpa,Campaigns report by device + adjustments,expert,src-optmyzr-audit-skill,,,,
set-ad-schedule-leadgen,planned,free,Search,settings,Lead-gen campaigns running 24/7 should schedule or adjust hours that convert poorly.,conversion rate by hour vs average,no published number,,,account-settings,cvr,Campaigns report by hour and day,expert,src-optmyzr-audit-skill,,Paid: the off-hours cut-off from live lead-gen accounts.,,Low confidence: the source gives no threshold.
set-auto-apply-off,planned,free,Search,settings,Keep auto-apply off for keyword-removal recommendations such as removing redundant or non-serving keywords.,auto-apply on for keyword removal; keywords removed by Google in change history,any = flag,,,account-settings,,Recommendation auto-apply settings (API) + change history,expert,src-adalysis-pmax-stealing;src-optmyzr-recs-trust,,,search-structure-cleanup,Removed Search keywords hand their queries to PMax. Optmyzr saw an auto-removed brand keyword go from 7 conversions to 0.
aud-observation-lists,planned,free,Search,audiences,"Attach audiences to Search campaigns in Observation mode, and keep a fresh Customer Match list.",Search campaigns with audiences; Customer Match list size and age,"fail no audiences; pass >= 1 list with 1,000+ records refreshed within 90 days",,,account-settings,,Audience report + Customer Match lists,expert,src-optmyzr-audit-skill,,,,
pmax-search-overlap,planned,free,Performance Max,search-terms,"Find converting PMax search terms that are not exact keywords in Search, and move them into Search.",PMax search term with conversions AND not an exact-match keyword in any Search campaign,any = flag,,,pmax-audit,conversions,PMax search terms report + Keywords report,expert,src-adalysis-pmax-overlap,,,,Experts disagree on how much it matters: Adalysis saw PMax win 61% of overlapping impressions; Optmyzr (503 accounts) found no CVR difference in most overlaps.
pmax-eligibility-parity,planned,free,Performance Max,settings,"PMax picks up queries where Search is ineligible or weaker, so compare their settings and budgets.","budget-limited Search, narrower Search geo or schedule, extra Search exclusions, or a looser PMax target",any = flag,,,pmax-audit,search_lost_is_budget,Campaign settings + Campaigns report,expert,src-adalysis-pmax-stealing,,,,
pmax-search-terms-review,planned,free,Performance Max,search-terms,Review PMax search terms like Search ones and exclude irrelevant queries on evidence.,qualitative,,,,pmax-audit,cost;conversions,PMax search terms report,expert,src-ppcland-pmax-transparency;src-optmyzr-pmax-study,,,,"Optmyzr (Jun 2025): campaign-level PMax negatives are now allowed, up to 10,000. 58% of advertisers saw flat or better results with no exclusions."
pmax-channel-split,planned,free,Performance Max,budget,Break PMax cost and conversions out by channel to find channels that spend without return.,cost share and CPA per channel,no published cut-off,,,pmax-audit,cost_share;cpa,PMax channel performance report,expert,src-ppcland-pmax-transparency,,Paid: normal channel mix per vertical from live accounts.,,
pmax-budget-share,planned,free,Performance Max,budget,Check how much of total spend sits in PMax.,PMax cost / total cost,10-25% went with the best CVR and CPA; > 50% with mixed results,,,campaign-audit,cost_share,Campaigns report: cost by campaign type,expert,src-optmyzr-pmax-study,,,,"A correlation across accounts, not a causal rule."
pmax-asset-groups,planned,free,Performance Max,audiences,"Each PMax asset group should have an audience signal and search themes, but judge assets on results, not completeness.",asset groups with >= 1 audience signal and search themes,pass all,,,pmax-audit,,Asset groups export,expert,src-optmyzr-audit-skill,,,,Optmyzr found search themes gave mixed results and text-only asset sets often beat full creative sets.
disp-placement-exclusions,planned,free,Display,settings,"Exclude sites, apps and YouTube placements that build up cost without converting, ideally at account level.",placements with cost and 0 conversions after a monitoring period,no published number,,,display-audit,cost;conversions,Placement report,expert,src-optmyzr-display-waste,,Paid: the monitoring spend per vertical.,,
shop-feed-quality,planned,free,Shopping,feed,"Flag product titles that bury key information, products missing identifiers, and disapproved products.","title length; missing GTIN / MPN, brand, price, availability; disapproved",titles > 40 characters flagged,,,shopping-audit,,Merchant Center feed + product status,expert,src-optmyzr-shopping-feed,,,,
shop-coverage-negatives,planned,free,Shopping,structure,"Every product should sit in exactly one active campaign, and Shopping campaigns should have negative keywords.",products in 0 or > 1 active campaigns; Shopping campaigns with 0 negatives; empty product groups,any = flag,,,shopping-audit,,Shopping report by item ID + negatives,expert,src-optmyzr-shopping-feed,,,,
kw-match-type-efficiency,planned,free,Search,keywords,Keep exact and phrase match as the core and use broad match for discovery: exact leads on efficiency.,CPA and conversion rate by match type,"Optmyzr study: exact most efficient, phrase the workhorse, broad adds volume at higher cost",,,keyword-audit,cpa;cvr;cost_share,Keywords report with match type,expert,src-optmyzr-match-types;src-optmyzr-audit-skill,,Paid: match-type CPA gaps on live accounts per vertical.,search-structure-match-type-consolidation,"30k accounts, May 2026. Our live kw-match-type-mix already prints the numbers this rule needs."
search-structure-themed-ad-groups,live,free,Search,structure,Group keywords into tightly themed ad groups; fold single-keyword ad groups into themed ones so Smart Bidding works on pooled data.,,flag ad groups with exactly 1 keyword; one narrow theme per ad group (qualitative),openppc.templates.account_structure:_singles,,account-structure,,"Keywords report: keyword, ad group, campaign; Campaigns report: bid strategy",google,src-google-14752782,medium,,,"No keywords-per-ad-group number given. Counterweight: Google warns reorganizing wipes accumulated history (answer 6372655), so restructure deliberately."
search-structure-match-type-consolidation,planned,free,Search,structure,Do not split the same keyword across match types or ad groups; keep a theme's match types in one ad group and simplify to broad match under Smart Bidding.,,count of keyword texts present in more than 1 match type or ad group = 0 (Smart Bidding campaigns),,,account-structure,,"Keywords report: keyword text, match type, ad group, bid strategy",google,src-google-14752782;src-google-10195720,medium,,,Google says there is no extra benefit to multiple match types with Smart Bidding; cites 62% of Smart Bidding advertisers using broad as primary (Google data 2023). Google's incentive: broader reach.
search-structure-cleanup,live,free,Search,structure,Remove device-based campaign segmentation (segment by business objective instead) and clean up duplicate and non-serving keywords.,,0 device-split campaign clones; 0 duplicate keywords; non-serving keywords (0 impressions or Low search volume) removed; lookback window is ours,openppc.templates.account_structure:_rarely_served,,account-structure,,"Campaigns report: device targeting/bid adjustments; Keywords report: status, impressions",google,src-google-14752782,medium,Paid: the cut-off marked ours comes from live accounts.,,Smart Bidding already accounts for device. Live for non-serving keywords; duplicates run under kw-duplicates.
search-broad-match-needs-smart-bidding,live,free,Search,bidding,Broad match keywords should only run in campaigns that use Smart Bidding.,,"if enabled broad keywords > 0 then bid strategy in {Target CPA, Target ROAS, Maximize conversions, Maximize conversion value}",openppc.templates.account_structure:SMART_BIDDING,TARGET_CPA|TARGET_ROAS|MAXIMIZE_CONVERSIONS|MAXIMIZE_CONVERSION_VALUE,account-structure,,Keywords report: match type; Campaigns report: bid strategy type,google,src-google-7478529;src-optmyzr-audit-skill,high,,,Google calls this critical. Broader match types already capture narrower types' queries.
search-negatives-close-variants,reference,free,Search,keywords,"Negative keywords do not match close variants, so add synonyms and singular/plural forms explicitly.",,each key negative theme also covers plural/singular and synonym forms (qualitative),,,keyword-audit,,"Negative keywords: ad group, campaign, shared lists, account-level",google,src-google-2453972,medium,,,Words after the 16th word of a long query are not checked against negatives. Google also warns too many negatives can shrink reach.
all-account-level-negatives,planned,free,All,keywords,Keep one global account-level negative list for terms irrelevant to the whole business; it applies to Search and Shopping inventory incl. Performance Max.,,"account-level negatives present; count <= 1,000",,,keyword-audit,,Account settings: account-level negative keywords (API: customer_negative_criterion),google,src-google-11396330,high,,,"Covers Search, PMax, App, Shopping, Smart, Local search/shopping inventory. Separate cap of 1,000 excluded content keywords for YouTube/Display. 'Single global list' advice is on answer 2453972."
all-negative-keyword-limits,planned,free,All,keywords,Stay within negative keyword capacity and consolidate before hitting caps.,,"shared lists <= 20 per account; <= 5,000 keywords per list; <= 10,000 negatives per campaign; Display/Video: max 1,000 negatives applied",,,keyword-audit,,Shared library: negative keyword lists; campaign negatives,google,src-google-6372658,high,,,Same page: max 3 enabled RSAs per ad group; 100 PMax campaigns per account.
search-terms-review,planned,free,Search,search-terms,Review the search terms report; add irrelevant terms as negatives and use it to refine keywords and match types.,,"irrelevant terms with spend not excluded (tool proxy, ours: cost > 0, conversions = 0, no matching negative)",,,search-term-waste,,"Search terms report: term, match type, cost, conversions, added/excluded",google,src-google-2472708,medium,Paid: the cut-off marked ours comes from live accounts.,,"Low-volume terms are hidden for privacy, so the report undercounts. Google gives no review cadence."
search-rsa-asset-count,live,free,Search,ads-assets,Each RSA needs at least 3 headlines and 2 descriptions and can hold 15 headlines and 4 descriptions; fill toward the maximum.,,"headlines >= 3 (target 15); descriptions >= 2 (target 4); headline <= 30 chars, description <= 90, path <= 15",openppc.templates.account_structure:RSA_MAX_HEADLINES;openppc.templates.account_structure:RSA_MAX_DESCRIPTIONS,15;4,account-structure,,Ads report: RSA headlines and descriptions per ad,google,src-google-7684791,high,,,Ad Strength page (9921843) says to provide as many as you can. Up to 3 headlines show at once.
search-rsa-per-ad-group,live,free,Search,ads-assets,Run at least 2 RSAs rated Good or Excellent in every ad group.,,"2 <= enabled RSAs per ad group <= 3 (hard cap 3); Ad Strength in {Good, Excellent}",openppc.templates.account_structure:MIN_RSAS_PER_AD_GROUP,2,account-structure,,"Ads report: ad type, status, Ad Strength (API: ad_group_ad.ad_strength)",google,src-google-9921843,high,,,"Google averages: +6.6% conversions going 1 to 2 RSAs, +3.7% going 2 to 3, +15% going Poor to Excellent (answer 12158267 says 12%). Google: Ad Strength is a feedback tool, not used for Ad Rank, Quality Score or auctions. Ad Strength is shown, not judged."
search-rsa-pinning,live,free,Search,ads-assets,"Pin headlines or descriptions only when necessary; if you must pin, pin several unique assets to the same position.",,flag positions with exactly 1 pinned asset; minimize share of pinned assets,openppc.templates.account_structure:_pinning,,account-structure,,Ads report: asset pinned field (API: ad_text_asset.pinned_field),google,src-google-9921843,medium,,,Pinning cuts the combinations the system can test.
search-sitelinks,live,free,Search,ads-assets,"Provide enough sitelinks: at least 6 with descriptions for high-volume campaigns and ad groups, at least 4 at account level.",,sitelinks eligible per high-volume campaign/ad group >= 6; account-level >= 4; >= 2 needed to show; link text <= 25 chars,openppc.templates.account_structure:MIN_SITELINKS,4,account-structure,,"Assets report: sitelinks by level, with descriptions",google,src-google-2375416,high,,,"Desktop shows up to 6, mobile up to 8. For Good+ Ad Strength Google also asks for 4+ image assets and business name plus logo (answer 9921843). The 6-for-busy-campaigns part is stated in the report, not checked."
search-structured-snippets,planned,free,Search,ads-assets,Add structured snippets with enough values per header and more than one header set.,,"values per header >= 3 (required), aim >= 4; header sets > 1",,,ads-audit,,Assets report: structured snippets header and values,google,src-google-6280012,high,,,
search-quality-score-diagnostic,live,free,Search,keywords,"Use Quality Score (1-10) and its three components as a diagnostic to locate weak ads and landing pages, not as a KPI to optimize or average.",,"flag spend-weighted keywords where expected CTR, ad relevance or landing page experience = Below average; never score accounts on average QS",openppc.templates.account_structure:_quality_parts,,account-structure,quality_score,Keywords report: Quality Score and 3 components (API: ad_group_criterion.quality_info),google,src-google-6167118,high,,,Not an auction input. Compared with other advertisers on the exact same searches over the last 90 days; shows a dash when data is thin.
search-impression-share-lost,planned,free,Search,budget,Use Search lost IS (budget) to spot budget caps and Search lost IS (rank) to spot Ad Rank losses.,,"lost IS (budget) > 0 while on CPA/ROAS target = budget opportunity; limited by budget and missing target = raise budget or use Maximize conversions; trigger level (e.g., > 10%) is ours",,,campaign-audit,search_lost_is_budget,"Campaigns report: Search IS, Search lost IS (budget), Search lost IS (rank)",google,src-google-7103314,medium,Paid: the cut-off marked ours comes from live accounts.,,Lost IS (budget) is campaign-level only. Budget-limited guidance is from answer 10276704. Google says small IS fluctuations need no action (answer 2497703).
all-budget-spend-caps,planned,free,All,budget,Daily spend can reach 2x the average daily budget; monthly charges are capped at 30.4x the daily budget.,,day cost <= 2 x daily budget; month cost <= 30.4 x daily budget,,,campaign-audit,,"Campaigns report by day: cost, budget",google,src-google-6385083,high,,,Explains overspend days. Maximize strategies sharing a budget with other strategies show 'Misconfigured' status (answer 6263057).
bidding-evaluation-volume,planned,free,All,bidding,"Judge Smart Bidding only over windows with enough conversions, such as a month or longer.",,window >= 30 days AND conversions >= 30 (>= 50 for Target ROAS); below this report 'insufficient data',,,campaign-audit,conversions,"Campaigns report by date: conversions, value, cost, bid strategy",google,src-google-7065882,high,,,Target CPA page (6268632): tCPA can start with no history; evaluate last 30 days with >= 30 conversions; recommended tCPA = 30-day average CPA.
bidding-troas-min-conversions,planned,free,All,bidding,"Target ROAS needs minimum recent conversion volume, which differs by campaign type.",,Search/Shopping >= 15 conv in 30 days; Display >= 15 valued conv in 30 days; Demand Gen >= 50 in 35 days with >= 10 in last 7 (or 100 across DG); App >= 10/day,,,campaign-audit,,"Campaigns report: conversions and conversion value, last 7/30/35 days",google,src-google-6268637,high,,,"Eligibility floor, not a performance floor; evaluation guidance asks for 50 conversions (7065882)."
bidding-learning-period,planned,free,All,bidding,"After a new strategy or a change to settings, targets or campaign composition, allow the learning period before judging results.",,no verdict until >= 1-2 conversion cycles and >= 7-14 days after the change (formula combines two pages),,,campaign-audit,,Change history; bid strategy status (Learning); Days to conversion,google,src-google-13020501,medium,,,The 7-14 day figure is on 'About conversion measurement' (answer 1722022). Learning continues after the status clears.
display-target-change-pace,planned,free,Display,bidding,Change Target CPA or ROAS gradually: about 20% at a time and a week between changes.,,|target change| <= 20% per step; >= 7 days between steps unless > 100 conversions/day,,,display-audit,,Change history: bid strategy target edits with dates; conversions per day,google,src-google-10276704,high,,,"Other types: Search, avoid multiple target changes within one conversion cycle (10433846); Demand Gen/YouTube 5-10%/week, max 15%; Shopping/PMax promos 30% steps with 1-2 cycles between (15624876)."
bidding-2026-target-recalibration,planned,free,All,bidding,"Since 17 Aug 2026, budget-limited tCPA/tROAS campaigns that beat their target are steered toward the target, so loose targets now cost efficiency.",,"flag target-based campaigns whose last-30-day CPA is well below target CPA (or ROAS well above target); gap cut-off (e.g., 20%) is ours",,,campaign-audit,cpa,"Campaigns report: target CPA/ROAS vs actual CPA/ROAS, budget status",google,src-google-17061251,medium,Paid: the cut-off marked ours comes from live accounts.,,"Changed 2026. Covers Search, Shopping, PMax, Demand Gen, Display, Hotel, Travel; not App, Video reach/views. Google's Bid Target Adjustment Tool helps re-set targets."
bidding-seasonality-adjustments,planned,free,All,bidding,Use seasonality adjustments only for short events with a major expected conversion-rate change.,,duration ideally 1-7 days; flag > 14 days,,,campaign-audit,,Bid strategy advanced controls (API: bidding_seasonality_adjustment),google,src-google-10369906,high,,,Smart Bidding already handles normal seasonality.
bidding-data-exclusions,planned,free,All,measurement,Apply data exclusions quickly when conversion tracking breaks; do not use them for old or long-running issues.,,exclusion applied within ~7 days of outage; not for issues older than 14 days (Search/Display) or 60 days (Shopping),,,conversion-audit,,Data exclusions (API: bidding_data_exclusion); daily conversions series,google,src-google-15624876,high,,,Backfill only 5+ days after an exclusion (answer 10370710).
bidding-ecpc-deprecated,live,free,Search,bidding,Enhanced CPC stopped working for Search and Display campaigns in the week of 31 Mar 2025; unmigrated campaigns now run on Manual CPC.,,0 campaigns on ECPC; Manual CPC campaigns with conversion tracking flagged for review (review flag is ours),openppc.templates.account_structure:_bidding,,account-structure,,Campaigns report: bid strategy type,google,src-google-2464964,high,Paid: the cut-off marked ours comes from live accounts.,,Changed 2025; applies to Display too. Google suggests Max conversions/tCPA or Max conv. value/tROAS.
bid-conversion-based,live,free,Search,bidding,"Campaigns on Manual CPC or Maximize clicks bid for clicks, not conversions: move them to Maximize conversions or Target CPA once conversion tracking works.","bid strategy is Manual CPC, Maximize clicks or Enhanced CPC",,openppc.templates.account_structure:CLICK_BIDDING,MANUAL_CPC|TARGET_SPEND|ENHANCED_CPC,account-structure,,Campaign bid strategies (snapshot or Editor export),google,src-google-2464964,medium,,,Google's Enhanced CPC page points to these strategies; flagging click bidding is our call.
pmax-asset-group-completeness,planned,free,Performance Max,ads-assets,Fill every asset group with all asset types at recommended counts and aim for Good or Excellent Ad Strength.,,"headlines >= 11 (max 15, one <= 15 chars); long headlines >= 2; descriptions >= 4; images >= 4 at 1.91:1, >= 4 at 1:1, >= 2 at 4:5; square logo >= 1; video >= 1; wait 2-3 weeks before replacing low performers",,,pmax-audit,,Asset group assets report: counts by field type and ratio; asset group Ad Strength,google,src-google-14528220,high,,,"Pages disagree: optimization tips page (11385582) asks for 15 headlines, 5 descriptions, 7 images, 1 video."
pmax-video-assets,planned,free,Performance Max,ads-assets,"Upload your own videos in horizontal, square and vertical; otherwise Google auto-generates videos.",,"advertiser video >= 1 per orientation (16:9, 1:1, 9:16); 3 per orientation recommended; 10-60 seconds each",,,pmax-audit,,Asset group assets: video assets with orientation and source,google,src-google-15995750,high,,,"Specs page (17091269): videos 10 seconds or more, up to 15."
pmax-evaluation-window,planned,free,Performance Max,bidding,"Run new Performance Max campaigns long enough before judging, and let them settle after significant changes.",,"campaign age >= 6 weeks before verdict; 1-2 weeks (or 1 conversion cycle) after significant changes; avoid frequent budget, bid strategy or status edits",,,pmax-audit,,Campaign start date; change history,google,src-google-11385582,high,,,Same 6-week rule on answer 15624876. Google's incentive: longer runs mean more spend.
pmax-search-themes,planned,free,Performance Max,keywords,"Add unique, non-redundant search themes per asset group.",,"search themes per asset group <= 50; no near-synonyms (e.g., car vs automobile)",,,pmax-audit,,Asset group signals: search themes,google,src-google-14767319,high,,,Same priority as phrase/broad keywords; negatives and exclusions still apply.
pmax-search-priority,planned,free,Performance Max,structure,An exact-match Search keyword identical to the query beats Performance Max; identical phrase/broad keywords and search themes compete at equal priority.,,"for must-own queries (e.g., brand), an identical exact-match keyword exists in a Search campaign",,,pmax-audit,,Keywords report (exact match); PMax search terms insights,google,src-google-2756257,high,,,Shopping ad formats can still show alongside the exact-match ad.
pmax-brand-exclusions,planned,free,Performance Max,settings,Use brand lists as brand exclusions to keep Performance Max off your own brand (when brand runs in Search) or unwanted brands.,,"if a brand Search campaign exists, PMax has a brand exclusion list with the own brand (operationalization ours)",,,pmax-audit,,Campaign settings: brand exclusions (not in standard exports),google,src-google-16669487;src-optmyzr-audit-skill;src-adalysis-pmax-stealing,medium,Paid: the cut-off marked ours comes from live accounts.,,"Covers misspellings and subsidiaries better than negatives. In PMax applies to Search and Shopping ads; Shopping can be re-allowed. Adalysis: PMax can still serve brand misspellings, so add them as exact keywords in brand Search."
pmax-negatives-scope,reference,free,Performance Max,keywords,"Performance Max campaign and account-level negatives only block Search and Shopping inventory, not other PMax channels.",,qualitative: do not rely on negatives for YouTube/Display/Gmail safety; use content exclusions,,,pmax-audit,,PMax campaign negatives; account-level negatives; content exclusions,google,src-google-15726455,high,,,Negative keyword lists can be attached to PMax.
pmax-final-url-expansion,planned,free,Performance Max,landing-page,"Final URL expansion is on by default; turn it off when one page is the only conversion path, otherwise exclude non-commercial URLs.",,"single-page funnel: FUE off (keep text customization on); FUE on: URL exclusions or rules present (e.g., /blog)",,,pmax-audit,,"Campaign settings: Final URL expansion, URL exclusions; landing pages report",google,src-google-14337539,high,,,FUE is not supported for store-goal-only campaigns.
pmax-audience-signals,planned,free,Performance Max,audiences,"Add audience signals (your data, Customer Match, custom segments) to guide learning; they are hints, not targeting limits.",,"audience signals per asset group >= 1, ideally first-party (count is ours)",,,pmax-audit,,Asset group signals: audiences,google,src-google-14530785,medium,Paid: the cut-off marked ours comes from live accounts.,,PMax may serve outside the signals if conversion odds are high.
pmax-budget-headroom,planned,free,Performance Max,budget,"Give PMax enough budget: not below Google's 'Low' suggestion, and extra headroom on key promotion days.",,daily budget >= budget panel 'Low' level; promo days about 3x expected spend (2x target spend with no history),,,pmax-audit,,Campaign budget; budget recommendations,google,src-google-15624876,medium,,,'Low' = minimum recommended is on answer 10724817. Holiday context. Google's incentive: more spend.
dg-budget-10x-tcpa,planned,free,Demand Gen,budget,Set Demand Gen daily budget to at least 10x target CPA and watch utilization.,,daily budget >= 10 x target CPA; spend <= ~80% of daily budget while on target (higher = budget-constrained),,,demandgen-audit,cpa,"Campaigns report: budget, cost per day, target CPA",google,src-google-16797388,high,,,Same 10x on 'About Demand Gen campaigns' (13695777). Google calls low budget the top reason new campaigns underperform.
dg-learning-and-changes,planned,free,Demand Gen,bidding,Let Demand Gen campaigns reach 50 conversions before big changes; then change bids slowly and re-evaluate after enough conversions.,,"conversions >= 50 before edits or verdicts; bid change 5-10% per week, max +/-15%; wait 30-50 conversions after a change; no conversion goal change on live campaigns",,,demandgen-audit,,Change history; conversions since launch or change,google,src-google-16797388,high,,,Creative edits trigger policy review (about 24-48 hours).
dg-bidding-start,planned,free,Demand Gen,bidding,Start on Maximize conversions and move to tCPA/tROAS after 50 conversions; start tROAS about 20% below recent ROAS.,,conversions >= 50 before switching to tCPA/tROAS; first tROAS ~ 0.8 x last-30-day ROAS,,,demandgen-audit,,"Campaigns report: bid strategy, conversions, ROAS (30 days)",google,src-google-14509385,high,,,tROAS eligibility: 50 conv in 35 days incl. 10 in last 7 (6268637).
video-performance-four,planned,free,Video,bidding,"For YouTube conversion campaigns: fund enough budget, wait for 50 conversions, merge sparse ad groups, change slowly, and supply all three video orientations.",,"target strategies: daily budget >= 10 x tCPA; Maximize: >= $100/day; no verdict before 50 conv; merge ad groups < 30 conv in 30 days; changes 5-10%/week (<= 15%); >= 1 vertical, 1 square, 1 horizontal video",,,video-audit,,"Campaigns/ad groups report: budget, conversions (30d), bid strategy; video assets by orientation; change history",google,src-google-14693848,high,,,$100 floor is stated without currency adjustment. Google claims 40%+ more conversions using 3 of 4 practices (its own data and incentive).
display-rda-assets,planned,free,Display,ads-assets,Fill responsive display ad slots and add images in all recommended ratios plus video to improve Ad Strength.,,"headlines 5 of 5 (30 chars); long headline 1 (90); descriptions 5 of 5 (90); images >= 1 at 1.91:1 and >= 1 at 1:1 (up to 15, 9:16 optional); logo; video present",,,display-audit,,Ads report: RDA asset counts by type and ratio,google,src-google-17090561,medium,,,"Google gives maxima, not a recommended count; 'fill all slots' is our reading of the best practices guide (9823397)."
shopping-feed-title-image,planned,free,Shopping,feed,"Keep product titles within 150 characters with key details first, and use images of at least 500x500 px without promo overlays or placeholders.",,title length <= 150; image >= 500 x 500 px (enforced from 31 Jan 2027); no promotional text or placeholder images,,,shopping-audit,,"Merchant Center feed: title, image_link, image dimensions",google,src-google-mc-7052112,high,,,Merchant Center Help. Front-loading and no-overlay guidance is on answer 7380908. New image minimum enforced 2027.
shopping-feed-gtin-category,planned,free,Shopping,feed,"Submit valid GTINs wherever they exist, detailed product categories, unique IDs and titles, and current price and availability.",,GTIN present for every product that has one; google_product_category >= 2-3 levels deep; unique id and title per product,,,shopping-audit,,"Merchant Center feed: gtin, brand, google_product_category, product_type, price, availability",google,src-google-mc-7380908,high,,,Merchant Center Help. Google cites +20% clicks on average after adding correct GTINs.
meas-primary-secondary,planned,free,All,measurement,Only conversion actions that should drive bidding belong in primary; keep observation-only actions secondary.,,"primary actions = business outcomes; micro-actions (page views, clicks) secondary",,,conversion-audit,,"Conversion actions export: primary/secondary, category, goal (API: conversion_action.primary_for_goal)",google,src-google-11461796,medium,,,"Primary feeds the Conversions column and bidding; All conversions includes both. Tool cannot know intent, so flag obvious micro-actions."
meas-counting-type,planned,free,All,measurement,Count every conversion for sales and one conversion per click for leads.,,category purchase/sale: counting = Every; category lead/sign-up: counting = One,,,conversion-audit,,"Conversion actions export: counting type, category",google,src-google-3438531;src-adalysis-conv-mistakes,medium,,,"Google frames each as 'a good choice', not a hard rule."
meas-conversion-window,planned,free,All,measurement,Use a click-through conversion window long enough to capture the sales cycle.,,click-through window >= 7 days (default 30; range 1-90 by source); view-through default 1 day,,,conversion-audit,,Conversion actions export: click-through and view-through windows,google,src-google-3123169,high,,,
meas-data-driven-attribution,planned,free,All,measurement,"Use data-driven attribution, the default for most actions; it is most accurate with enough volume.",,"attribution model = data-driven; high confidence when >= 200 conversions and >= 2,000 ad interactions in 30 days",,,conversion-audit,,"Conversion actions export: attribution model; Campaigns report: interactions, conversions (30d)",google,src-google-6394265,high,,,"Runs with less data, but with lower precision."
meas-conversion-lag,planned,free,All,measurement,Recent CPA looks inflated and ROAS deflated because late conversions are credited back to the click date.,,exclude the last N days from trend verdicts; N from the account's Days to conversion lag (formula ours),,,conversion-audit,,Days to conversion segment; conversion lag report,google,src-google-9347141,medium,Paid: the cut-off marked ours comes from live accounts.,,Google gives no fixed N.
meas-enhanced-conversions,planned,free,All,measurement,Turn on enhanced conversions (hashed first-party data) to improve measurement accuracy and bidding.,,enhanced conversions active on primary web and lead actions,,,conversion-audit,,Conversion settings and Diagnostics: enhanced conversions status,google,src-google-9888656,medium,,,Data is normalized and SHA-256 hashed. Page gives no uplift number.
meas-consent-mode,planned,free,All,measurement,Send consent signals for EEA traffic via consent mode; conversion modeling needs enough ad clicks.,,EEA traffic: consent mode with ad_user_data and ad_personalization; modeling needs >= 700 ad clicks over 7 days per country and domain grouping,,,conversion-audit,,Tag diagnostics (consent status); Geo report: clicks by country,google,src-google-10548233,high,,,Parameters from answer 13695607. Impact reporting needs >= 7 full days (10000067).
all-optimization-score-caveat,reference,free,All,settings,Optimization score is Google's 0-100% estimate of how well the account is set up to perform; Google says to apply or dismiss recommendations based on your own goals.,,do not use the score as a success metric (ours); judge each recommendation against account goals,,,account-settings,,Recommendations list; customer.optimization_score (API),google,src-google-9061546,medium,Paid: the cut-off marked ours comes from live accounts.,,Score shifts with ecosystem trends; dismissing recommendations also moves it (9061547); not used by Quality Score. Google's incentive: Partners must keep manager accounts >= 70% (9702452).
all-auto-apply-review,planned,free,All,settings,"Review auto-applied recommendations regularly; auto-apply can change ads, bidding, keywords, targeting and measurement.",,list enabled auto-apply types; review Recommendations History and Change history each cycle,,,account-settings,,Auto-apply settings (UI only); Change history (API: change_event),google,src-google-10279006,medium,,,"Auto-apply never raises budgets, so budget recommendations still need manual review."
set-location-presence-or-interest,live,free,All,settings,"Google's default and recommended location option is Presence or interest: people in, regularly in, or interested in your locations.",,geo target type = Presence or interest,openppc.templates.account_structure:_disagreements,,account-structure,,Campaign settings: geo target type,google,src-google-1722038,medium,,,"Google cites about 5% more conversions in some verticals. From the expert research pass, not re-read."
gold-vertical-benchmarks,planned,paid,All,benchmarks,"Compare CPC, CTR, conversion rate and CPA with p25 / p50 / p75 of live accounts in the same vertical, currency and campaign type.",account metric vs percentiles of similar accounts,only cells with enough accounts; otherwise the public average,,,all,cpc;ctr;cvr;cpa,Any export + vertical,gold,src-openppc-gold,,,,Replaces benchmark-industry wherever a cell has enough accounts.
gold-waste-threshold,planned,paid,Search,search-terms,"Set the zero-conversion threshold from what happened next on live accounts, not from one number for everyone.",spend multiple of CPA after which zero-conversion terms stopped converting later,backtested per vertical,,,search-term-waste,cpa_multiple;conversions,Search terms report,gold,src-openppc-gold,,,,Replaces the fixed thresholds in stw-waste and kw-zero-conv-vs-target-cpa. First backtest done 2026-09-29 (private); next: a vertical-level prior for small accounts.
gold-vertical-negatives,planned,paid,Search,search-terms,Start every account in a vertical with the words that never converted across live accounts in it.,"n-gram themes pooled across the vertical, zero conversions everywhere",min accounts per vertical,,,search-term-waste,cost;conversions,Search terms report + vertical,gold,src-openppc-gold,,,,
gold-rule-outcomes,planned,paid,All,all,Label each rule with what happened when people followed it: CPA and conversions over the next 30 and 60 days.,outcome after the change vs untouched lookalikes,tested on N accounts,,,all,cpa;conversions,Change history + before / after exports,gold,src-openppc-gold,,,,
