source_id,title,publisher,url,type,accessed
src-wordstream-2026,"Google Ads Benchmarks 2026 (US search, Apr 2025 to Mar 2026)",WordStream / LocaliQ,,benchmark,2026-09-29
src-openppc-gold,"OpenPPC gold dataset: live accounts, private",labs.secondstep,,gold,2026-09-29
src-google-10195720,Google Ads Help answer 10195720 (broad match with Smart Bidding),Google Ads Help,https://support.google.com/google-ads/answer/10195720,google-help-center,2026-09-29
src-google-10276704,Manage your Smart Bidding strategy for Display campaigns,Google Ads Help,https://support.google.com/google-ads/answer/10276704,google-help-center,2026-09-29
src-google-10279006,About applying recommendations automatically,Google Ads Help,https://support.google.com/google-ads/answer/10279006,google-help-center,2026-09-29
src-google-10369906,About seasonality adjustments,Google Ads Help,https://support.google.com/google-ads/answer/10369906,google-help-center,2026-09-29
src-google-10548233,About consent mode modeling,Google Ads Help,https://support.google.com/google-ads/answer/10548233,google-help-center,2026-09-29
src-google-11385582,Optimization tips for Performance Max campaign for all business types,Google Ads Help,https://support.google.com/google-ads/answer/11385582,google-help-center,2026-09-29
src-google-11396330,About account-level negative keywords,Google Ads Help,https://support.google.com/google-ads/answer/11396330,google-help-center,2026-09-29
src-google-11461796,About primary and secondary conversion actions,Google Ads Help,https://support.google.com/google-ads/answer/11461796,google-help-center,2026-09-29
src-google-13020501,Duration of the learning period for campaigns and what affects it,Google Ads Help,https://support.google.com/google-ads/answer/13020501,google-help-center,2026-09-29
src-google-14337539,About Final URL expansion in Performance Max,Google Ads Help,https://support.google.com/google-ads/answer/14337539,google-help-center,2026-09-29
src-google-14509385,Demand Gen Frequently Asked Questions (FAQ),Google Ads Help,https://support.google.com/google-ads/answer/14509385,google-help-center,2026-09-29
src-google-14528220,Best practices for asset groups in Performance Max campaigns,Google Ads Help,https://support.google.com/google-ads/answer/14528220,google-help-center,2026-09-29
src-google-14530785,About audience signals for Performance Max campaigns,Google Ads Help,https://support.google.com/google-ads/answer/14530785,google-help-center,2026-09-29
src-google-14693848,The YouTube Performance Four,Google Ads Help,https://support.google.com/google-ads/answer/14693848,google-help-center,2026-09-29
src-google-14752782,The ABCs of Account Structure,Google Ads Help,https://support.google.com/google-ads/answer/14752782,google-help-center,2026-09-29
src-google-14767319,Use search themes with your Performance Max campaign,Google Ads Help,https://support.google.com/google-ads/answer/14767319,google-help-center,2026-09-29
src-google-15624876,Effectively use Smart Bidding with Shopping and Performance Max campaigns,Google Ads Help,https://support.google.com/google-ads/answer/15624876,google-help-center,2026-09-29
src-google-15726455,Negative keywords in Performance Max campaigns,Google Ads Help,https://support.google.com/google-ads/answer/15726455,google-help-center,2026-09-29
src-google-15995750,Best practices for video assets in Performance Max campaigns,Google Ads Help,https://support.google.com/google-ads/answer/15995750,google-help-center,2026-09-29
src-google-16669487,About brand exclusions,Google Ads Help,https://support.google.com/google-ads/answer/16669487,google-help-center,2026-09-29
src-google-16797388,Demand Gen campaign performance guide,Google Ads Help,https://support.google.com/google-ads/answer/16797388,google-help-center,2026-09-29
src-google-17061251,Changes to target based bid strategies,Google Ads Help,https://support.google.com/google-ads/answer/17061251,google-help-center,2026-09-29
src-google-17090561,Responsive display ads specs and format requirements,Google Ads Help,https://support.google.com/google-ads/answer/17090561,google-help-center,2026-09-29
src-google-1722038,Google Ads Help answer 1722038 (location options),Google Ads Help,https://support.google.com/google-ads/answer/1722038,google-help-center,2026-09-29
src-google-2375416,About sitelink assets,Google Ads Help,https://support.google.com/google-ads/answer/2375416,google-help-center,2026-09-29
src-google-2453972,About negative keywords,Google Ads Help,https://support.google.com/google-ads/answer/2453972,google-help-center,2026-09-29
src-google-2464964,About Enhanced CPC (ECPC),Google Ads Help,https://support.google.com/google-ads/answer/2464964,google-help-center,2026-09-29
src-google-2472708,About the search terms report,Google Ads Help,https://support.google.com/google-ads/answer/2472708,google-help-center,2026-09-29
src-google-2756257,About ad group and asset group prioritization within a Google Ads account,Google Ads Help,https://support.google.com/google-ads/answer/2756257,google-help-center,2026-09-29
src-google-3123169,About conversion windows,Google Ads Help,https://support.google.com/google-ads/answer/3123169,google-help-center,2026-09-29
src-google-3438531,About conversion counting options,Google Ads Help,https://support.google.com/google-ads/answer/3438531,google-help-center,2026-09-29
src-google-6167118,About Quality Score for Search campaigns,Google Ads Help,https://support.google.com/google-ads/answer/6167118,google-help-center,2026-09-29
src-google-6268632,About Target CPA bidding,Google Ads Help,https://support.google.com/google-ads/answer/6268632,google-help-center,2026-09-29
src-google-6268637,About Target ROAS bidding,Google Ads Help,https://support.google.com/google-ads/answer/6268637,google-help-center,2026-09-29
src-google-6280012,About structured snippet assets,Google Ads Help,https://support.google.com/google-ads/answer/6280012,google-help-center,2026-09-29
src-google-6372658,About your Google Ads account limits,Google Ads Help,https://support.google.com/google-ads/answer/6372658,google-help-center,2026-09-29
src-google-6385083,About average daily budgets,Google Ads Help,https://support.google.com/google-ads/answer/6385083,google-help-center,2026-09-29
src-google-6394265,About data-driven attribution,Google Ads Help,https://support.google.com/google-ads/answer/6394265,google-help-center,2026-09-29
src-google-7065882,About Smart Bidding,Google Ads Help,https://support.google.com/google-ads/answer/7065882,google-help-center,2026-09-29
src-google-7103314,Get impression share data,Google Ads Help,https://support.google.com/google-ads/answer/7103314,google-help-center,2026-09-29
src-google-7478529,About keyword matching options,Google Ads Help,https://support.google.com/google-ads/answer/7478529,google-help-center,2026-09-29
src-google-7684791,About responsive search ads,Google Ads Help,https://support.google.com/google-ads/answer/7684791,google-help-center,2026-09-29
src-google-9061546,About optimization score,Google Ads Help,https://support.google.com/google-ads/answer/9061546,google-help-center,2026-09-29
src-google-9347141,About conversion lag reporting,Google Ads Help,https://support.google.com/google-ads/answer/9347141,google-help-center,2026-09-29
src-google-9888656,About enhanced conversions,Google Ads Help,https://support.google.com/google-ads/answer/9888656,google-help-center,2026-09-29
src-google-9921843,About Ad Strength for responsive search ads,Google Ads Help,https://support.google.com/google-ads/answer/9921843,google-help-center,2026-09-29
src-google-mc-7052112,Product data specification,Google Merchant Center Help,https://support.google.com/merchants/answer/7052112,google-help-center,2026-09-29
src-google-mc-7380908,Tips to optimize your product data,Google Merchant Center Help,https://support.google.com/merchants/answer/7380908,google-help-center,2026-09-29
src-ppcland-pmax-transparency,Google unveils major transparency boost for Performance Max campaigns,PPC Land,https://ppc.land/google-unveils-major-transparency-boost-for-performance-max-campaigns/,industry-publication,2026-09-29
src-openppc,"OpenPPC rules, reasoned in code: read them and argue",labs.secondstep,https://github.com/secondsteplabs/openppc,openppc,2026-09-29
src-adalysis-audit-guide,A practical guide to Google Ads audits,Adalysis (Brad Geddes),https://adalysis.com/blog/a-practical-guide-to-google-ads-audits/,practitioner-blog,2026-09-29
src-adalysis-conv-mistakes,The Top 10 Google Ads Conversion Tracking Mistakes,Adalysis (Brad Geddes),https://adalysis.com/blog/the-top-10-google-ads-conversion-tracking-mistakes/,practitioner-blog,2026-09-29
src-adalysis-ngrams,N-grams: the secret to managing search terms,Adalysis (Brad Geddes),https://adalysis.com/blog/n-gram-analysis-the-secret-to-scalable-search-term-management-in-google-ads/,practitioner-blog,2026-09-29
src-adalysis-pmax-overlap,Data study: Is Performance Max cannibalizing your Search ads?,Adalysis (Brad Geddes),https://adalysis.com/blog/is-performance-max-cannibalizing-your-search-ads-a-deep-dive-into-search-term-overlap/,practitioner-blog,2026-09-29
src-adalysis-pmax-stealing,Seven reasons PMax is stealing your Search impressions,Adalysis (Brad Geddes),https://adalysis.com/blog/seven-reasons-pmax-is-stealing-your-search-impressions/,practitioner-blog,2026-09-29
src-adalysis-test-data,How much data do you need before reviewing an ad test result?,Adalysis (Brad Geddes),https://adalysis.com/blog/how-much-data-should-you-have-before-examining-an-ad-test-result/,practitioner-blog,2026-09-29
src-bgtheory-is,The Complete AdWords Audit Part 5: Impression Share and Auction Insights,bgtheory (Wijnand Meijer),https://bgtheory.com/blog/the-complete-adwords-audit-part-5-impression-share-auction-insights/,practitioner-blog,2026-09-29
src-bgtheory-kw-per-adgroup,There is Not a Magic Number for How Many Keywords Should be in an Ad Group,bgtheory (Brad Geddes),https://bgtheory.com/blog/there-is-not-a-magic-number-for-how-many-keywords-should-be-in-an-ad-group/,practitioner-blog,2026-09-29
src-bgtheory-lr,The Complete AdWords Audit Part 11: The Lin-Rodnitzky Ratio,bgtheory (Wijnand Meijer),https://bgtheory.com/blog/the-complete-adwords-audit-part-11-the-lin-rodnitzky-ratio/,practitioner-blog,2026-09-29
src-optmyzr-display-waste,9 Ways to Reduce Wasted Spend in Your Google Display Campaigns,Optmyzr,https://www.optmyzr.com/blog/reduce-google-display-campaigns-wasted-spend/,practitioner-blog,2026-09-29
src-optmyzr-kw-not-converting,"Google Ads Keywords Not Converting? How to Diagnose, Fix, or Pause Them",Optmyzr,https://www.optmyzr.com/blog/google-ads-keywords-not-converting/,practitioner-blog,2026-09-29
src-optmyzr-match-types,Google Ads match type performance study,Optmyzr,https://www.optmyzr.com/blog/google-ads-match-type-performance/,practitioner-blog,2026-09-29
src-optmyzr-pmax-study,"Google Listened: 5 PMax Fixes That Solved the Gaps We Found in 24,702 Campaigns",Optmyzr,https://www.optmyzr.com/blog/performance-max-2025-updates-study-analysis/,practitioner-blog,2026-09-29
src-optmyzr-ppc-analysis,Simplify PPC Analysis (checklist),Optmyzr,https://www.optmyzr.com/blog/ppc-analysis/,practitioner-blog,2026-09-29
src-optmyzr-recs-trust,Why you cannot blindly trust Google Ads recommendations,Optmyzr,https://www.optmyzr.com/blog/why-you-cannot-blindly-trust-google-ads-recommendations/,practitioner-blog,2026-09-29
src-optmyzr-rsa-study,What Actually Drives RSA Performance (Hint: It's Not Ad Strength),Optmyzr (Frederick Vallaeys),https://www.optmyzr.com/blog/google-rsa-performance-study/,practitioner-blog,2026-09-29
src-optmyzr-tcpa-method,The Methodology Behind Target CPA and Target ROAS Optimizations,Optmyzr,https://www.optmyzr.com/blog/tcpa-troas-methodology/,practitioner-blog,2026-09-29
src-adalysis-significance,The Ultimate PPC Ad Testing Guide: statistical significance,Adalysis,https://adalysis.com/scientific-ad-testing/working-with-statistical-significance-how-confident-should-you-be-in-your-test-results/,tool-docs,2026-09-29
src-opteo-pause-kw,Pause Keyword improvement,Opteo,https://opteo.com/features/improvements/manage-keywords/pause-keyword,tool-docs,2026-09-29
src-optmyzr-audit-skill,"Google Ads Audit skill, signals.md (open source, about 42 of the 93 signals in the paid audit)",Optmyzr,https://raw.githubusercontent.com/optmyzr-skills/google-ads-audit/main/skills/google-ads-audit/signals.md,tool-docs,2026-09-29
src-optmyzr-pause-kw-help,Pause Non-Converting Keywords: User Guide,Optmyzr Help Center,https://help.optmyzr.com/en/articles/3075906-pause-non-converting-keywords-user-guide,tool-docs,2026-09-29
src-optmyzr-shopping-feed,Shopping Feed Audits: About and User Guide,Optmyzr Help Center,https://help.optmyzr.com/en/articles/6601281-shopping-feed-audits-about-user-guide,tool-docs,2026-09-29
