course,url,campaign_types,areas,modules
Google Ads Search Certification,https://skillshop.docebosaas.com/learn/courses/8692/google-ads-search-certification,Search,structure; keywords; search-terms; ads-assets; bidding; settings,AI-powered Search campaigns; the auction; keyword strategy and broad match; RSAs and assets; bid strategies; auto-apply and Performance Planner; optimizing by business objective
AI-Powered Performance Ads Certification,https://skillshop.docebosaas.com/learn/courses/8510/ai-powered-performance-ads-certification,Search; Performance Max,bidding; ads-assets; audiences; measurement,Google AI and human input; keywords and RSAs; value-based Smart Bidding; Performance Max setup and evaluation; Optimization Score and auto-apply; experiments and reports
AI-Powered Shopping ads Certification,https://skillshop.docebosaas.com/learn/courses/9348/ai-powered-shopping-ads-certification,Shopping; Performance Max,feed; structure; bidding,How Shopping ads work; Merchant Center and feed requirements; retail strategy; Shopping campaign types; Performance Max
Google Ads Display Certification,https://skillshop.docebosaas.com/learn/courses/8696/google-ads-display-certification,Display,audiences; bidding; ads-assets,Display campaign types; audiences; automated bidding; messaging and creative; Performance Planner
Google Ads Video Certification,https://skillshop.docebosaas.com/learn/courses/7633/google-ads-video-certification,Video,bidding; audiences; ads-assets; measurement,"Why YouTube; brand safety; awareness, consideration and action campaigns; Reach Planner; Video action optimization; creative (ABCDs)"
Google Ads Measurement Certification,https://skillshop.docebosaas.com/learn/courses/12747/google-ads-measurement-certification,All,measurement,Module list not public; study path: Learn the Fundamentals of Google Ads Campaign Measurement (course 12428)
Google Ads Creative Certification,https://skillshop.docebosaas.com/learn/courses/8992/google-ads-creative-certification,Search; Display; Video,ads-assets,"Effective ads for Video, Display and Search"
Grow Offline Sales Certification,https://skillshop.docebosaas.com/learn/courses/8542/grow-offline-sales-certification,Performance Max; Shopping,measurement; bidding,Online-to-offline goals; location data; local inventory ads; offline measurement; omnichannel bidding; PMax for offline sales
Google Ads Apps Certification,https://skillshop.docebosaas.com/learn/courses/17287/google-ads-apps-certification,App,,App campaigns and goals; measurement; settings; creative. Not covered by OpenPPC yet
